{"token":{"type":"oauthSetting","oAuthSettings":{"identityProvider":"aad","clientId":"fd4d13e7-63c4-45f9-b379-27e2466f81c4","scopes":["Tenant.ReadWrite.All Content.Create Dashboard.ReadWrite.All Report.ReadWrite.All Dataset.ReadWrite.All Dataflow.ReadWrite.All Workspace.ReadWrite.All Capacity.ReadWrite.All Gateway.ReadWrite.All StorageAccount.ReadWrite.All"],"redirectMode":"Global","redirectUrl":"https://global.consent.azure-apim.net/redirect","properties":{"IsFirstParty":"True","AzureActiveDirectoryResourceId":"https://analysis.windows.net/powerbi/api","IsOnbehalfofLoginSupported":true},"customParameters":{"loginUri":{"value":"https://login.windows.net"},"tenantId":{"value":"2f23c5ea-5a75-41f6-922e-d3392313e61d"},"resourceUri":{"value":"https://analysis.windows.net/powerbi/api"},"enableOnbehalfOfLogin":{"value":"true"}}}},"token:TenantId":{"type":"string","metadata":{"sourceType":"AzureActiveDirectoryTenant"},"uiDefinition":{"constraints":{"required":"false","hidden":"true"}}}}