{"token":{"type":"oauthSetting","oAuthSettings":{"identityProvider":"aad","clientId":"734f19b0-ab9c-4ddc-ba3f-408a75c4975d","scopes":["Tenant.ReadWrite.All Content.Create Dashboard.ReadWrite.All Report.ReadWrite.All Dataset.ReadWrite.All Dataflow.ReadWrite.All Workspace.ReadWrite.All Capacity.ReadWrite.All Gateway.ReadWrite.All StorageAccount.ReadWrite.All"],"redirectMode":"Global","redirectUrl":"https://global.consent.azure-apim.net/redirect","properties":{"IsFirstParty":"True","AzureActiveDirectoryResourceId":"https://analysis.windows.net/powerbi/api","IsOnbehalfofLoginSupported":true},"customParameters":{"loginUri":{"value":"https://login.windows.net"},"tenantId":{"value":"f91c1aa6-5e5d-41f8-b964-4a9793d3557c"},"resourceUri":{"value":"https://analysis.windows.net/powerbi/api"},"enableOnbehalfOfLogin":{"value":"true"}}}},"token:TenantId":{"type":"string","metadata":{"sourceType":"AzureActiveDirectoryTenant"},"uiDefinition":{"constraints":{"required":"false","hidden":"true"}}}}