{"properties":{"connectionReferences":{},"definition":{"$schema":"https://schema.management.azure.com/providers/Microsoft.Logic/schemas/2016-06-01/workflowdefinition.json#","contentVersion":"1.0.0.0","parameters":{"$authentication":{"defaultValue":{},"type":"SecureObject"}},"triggers":{"Recurrence":{"recurrence":{"frequency":"Day","interval":1,"startTime":"2021-11-01T09:00:00Z"},"metadata":{"operationMetadataId":"9ad04c2e-e5e2-4492-962a-e8c1640e0476"},"type":"Recurrence"}},"actions":{"Initialize_variable":{"runAfter":{},"metadata":{"operationMetadataId":"7b2ce6b9-8409-4cf7-b64c-c1ad8ad24152"},"type":"InitializeVariable","inputs":{"variables":[{"name":"ActivityDate","type":"string","value":"@{formatDateTime( addDays(startOfDay(utcNow()), -1),'yyyy-MM-dd')}"}]}},"Run_a_Child_Flow":{"runAfter":{"Initialize_variable":["Succeeded"]},"metadata":{"operationMetadataId":"e618b21b-04ca-4f5d-b5b5-c897e9e741e0"},"type":"Workflow","inputs":{"host":{"workflowReferenceName":"29fd0a26-a039-ec11-b6e6-000d3a5ca8da"},"body":{"date":"@variables('ActivityDate')"}}}}}},"schemaVersion":"1.0.0.0"}