{"properties":{"connectionReferences":{},"definition":{"$schema":"https://schema.management.azure.com/providers/Microsoft.Logic/schemas/2016-06-01/workflowdefinition.json#","contentVersion":"1.0.0.0","parameters":{"$authentication":{"defaultValue":{},"type":"SecureObject"}},"triggers":{"Recurrence":{"recurrence":{"frequency":"Day","interval":1,"startTime":"2021-11-01T09:00:00Z"},"type":"Recurrence"}},"actions":{"Initialize_variable":{"runAfter":{},"type":"InitializeVariable","inputs":{"variables":[{"name":"ActivityDate","type":"string","value":"@{formatDateTime( addDays(startOfDay(utcNow()), -1),'yyyy-MM-dd')}"}]}},"Run_a_Child_Flow":{"runAfter":{"Initialize_variable":["Succeeded"]},"type":"Workflow","inputs":{"host":{"workflowReferenceName":"29fd0a26-a039-ec11-b6e6-000d3a5ca8da"},"body":{"date":"@variables('ActivityDate')"}}}}}},"schemaVersion":"1.0.0.0"}