<ImportExportXml xmlns:xsi="http://www.w3.org/2001/XMLSchema-instance">
  <Entities></Entities>
  <Roles></Roles>
  <Workflows>
    <Workflow WorkflowId="{29fd0a26-a039-ec11-b6e6-000d3a5ca8da}" Name="GenerateActivityEventsData">
      <JsonFileName>/Workflows/GenerateActivityEventsData-29FD0A26-A039-EC11-B6E6-000D3A5CA8DA.json</JsonFileName>
      <Type>1</Type>
      <Subprocess>0</Subprocess>
      <Category>5</Category>
      <Mode>0</Mode>
      <Scope>4</Scope>
      <OnDemand>0</OnDemand>
      <TriggerOnCreate>0</TriggerOnCreate>
      <TriggerOnDelete>0</TriggerOnDelete>
      <AsyncAutodelete>0</AsyncAutodelete>
      <SyncWorkflowLogOnFailure>0</SyncWorkflowLogOnFailure>
      <StateCode>1</StateCode>
      <StatusCode>2</StatusCode>
      <RunAs>1</RunAs>
      <IsTransacted>1</IsTransacted>
      <IntroducedVersion>1.0.0.0</IntroducedVersion>
      <IsCustomizable>1</IsCustomizable>
      <BusinessProcessType>0</BusinessProcessType>
      <IsCustomProcessingStepAllowedForOtherPublishers>1</IsCustomProcessingStepAllowedForOtherPublishers>
      <PrimaryEntity>none</PrimaryEntity>
      <LocalizedNames>
        <LocalizedName languagecode="1033" description="GenerateActivityEventsData" />
      </LocalizedNames>
    </Workflow>
    <Workflow WorkflowId="{a24f11c2-a039-ec11-b6e6-000d3a37bf4e}" Name="Generate Activity Data">
      <JsonFileName>/Workflows/GenerateActivityData-A24F11C2-A039-EC11-B6E6-000D3A37BF4E.json</JsonFileName>
      <Type>1</Type>
      <Subprocess>0</Subprocess>
      <Category>5</Category>
      <Mode>0</Mode>
      <Scope>4</Scope>
      <OnDemand>0</OnDemand>
      <TriggerOnCreate>0</TriggerOnCreate>
      <TriggerOnDelete>0</TriggerOnDelete>
      <AsyncAutodelete>0</AsyncAutodelete>
      <SyncWorkflowLogOnFailure>0</SyncWorkflowLogOnFailure>
      <StateCode>1</StateCode>
      <StatusCode>2</StatusCode>
      <RunAs>1</RunAs>
      <IsTransacted>1</IsTransacted>
      <IntroducedVersion>1.0.0.0</IntroducedVersion>
      <IsCustomizable>1</IsCustomizable>
      <BusinessProcessType>0</BusinessProcessType>
      <IsCustomProcessingStepAllowedForOtherPublishers>1</IsCustomProcessingStepAllowedForOtherPublishers>
      <PrimaryEntity>none</PrimaryEntity>
      <LocalizedNames>
        <LocalizedName languagecode="1033" description="Generate Activity Data" />
      </LocalizedNames>
    </Workflow>
    <Workflow WorkflowId="{09ffc8d9-233b-ec11-b6e5-000d3a5b2d35}" Name="Generate Activity Data fore Previous Day">
      <JsonFileName>/Workflows/GenerateActivityDataforePreviousDay-09FFC8D9-233B-EC11-B6E5-000D3A5B2D35.json</JsonFileName>
      <Type>1</Type>
      <Subprocess>0</Subprocess>
      <Category>5</Category>
      <Mode>0</Mode>
      <Scope>4</Scope>
      <OnDemand>0</OnDemand>
      <TriggerOnCreate>0</TriggerOnCreate>
      <TriggerOnDelete>0</TriggerOnDelete>
      <AsyncAutodelete>0</AsyncAutodelete>
      <SyncWorkflowLogOnFailure>0</SyncWorkflowLogOnFailure>
      <StateCode>1</StateCode>
      <StatusCode>2</StatusCode>
      <RunAs>1</RunAs>
      <IsTransacted>1</IsTransacted>
      <IntroducedVersion>1.0.0.1</IntroducedVersion>
      <IsCustomizable>1</IsCustomizable>
      <BusinessProcessType>0</BusinessProcessType>
      <IsCustomProcessingStepAllowedForOtherPublishers>1</IsCustomProcessingStepAllowedForOtherPublishers>
      <PrimaryEntity>none</PrimaryEntity>
      <LocalizedNames>
        <LocalizedName languagecode="1033" description="Generate Activity Data fore Previous Day" />
      </LocalizedNames>
    </Workflow>
    <Workflow WorkflowId="{176041b8-1f52-ec11-8c62-00224806ee25}" Name="GetAccessTokenForServicePrincipal">
      <JsonFileName>/Workflows/GetAccessTokenForServicePrincipal-176041B8-1F52-EC11-8C62-00224806EE25.json</JsonFileName>
      <Type>1</Type>
      <Subprocess>0</Subprocess>
      <Category>5</Category>
      <Mode>0</Mode>
      <Scope>4</Scope>
      <OnDemand>0</OnDemand>
      <TriggerOnCreate>0</TriggerOnCreate>
      <TriggerOnDelete>0</TriggerOnDelete>
      <AsyncAutodelete>0</AsyncAutodelete>
      <SyncWorkflowLogOnFailure>0</SyncWorkflowLogOnFailure>
      <StateCode>1</StateCode>
      <StatusCode>2</StatusCode>
      <RunAs>1</RunAs>
      <IsTransacted>1</IsTransacted>
      <IntroducedVersion>1.0.0.1</IntroducedVersion>
      <IsCustomizable>1</IsCustomizable>
      <BusinessProcessType>0</BusinessProcessType>
      <IsCustomProcessingStepAllowedForOtherPublishers>1</IsCustomProcessingStepAllowedForOtherPublishers>
      <PrimaryEntity>none</PrimaryEntity>
      <LocalizedNames>
        <LocalizedName languagecode="1033" description="GetAccessTokenForServicePrincipal" />
      </LocalizedNames>
    </Workflow>
    <Workflow WorkflowId="{b804cb8b-2152-ec11-8c62-00224806e9b3}" Name="Scan Workspace">
      <JsonFileName>/Workflows/ScanWorkspace-B804CB8B-2152-EC11-8C62-00224806E9B3.json</JsonFileName>
      <Type>1</Type>
      <Subprocess>0</Subprocess>
      <Category>5</Category>
      <Mode>0</Mode>
      <Scope>4</Scope>
      <OnDemand>0</OnDemand>
      <TriggerOnCreate>0</TriggerOnCreate>
      <TriggerOnDelete>0</TriggerOnDelete>
      <AsyncAutodelete>0</AsyncAutodelete>
      <SyncWorkflowLogOnFailure>0</SyncWorkflowLogOnFailure>
      <StateCode>1</StateCode>
      <StatusCode>2</StatusCode>
      <RunAs>1</RunAs>
      <IsTransacted>1</IsTransacted>
      <IntroducedVersion>1.0.0.1</IntroducedVersion>
      <IsCustomizable>1</IsCustomizable>
      <BusinessProcessType>0</BusinessProcessType>
      <IsCustomProcessingStepAllowedForOtherPublishers>1</IsCustomProcessingStepAllowedForOtherPublishers>
      <PrimaryEntity>none</PrimaryEntity>
      <LocalizedNames>
        <LocalizedName languagecode="1033" description="Scan Workspace" />
      </LocalizedNames>
    </Workflow>
    <Workflow WorkflowId="{49a19c02-fa52-ec11-8c62-00224806e9b3}" Name="GetWorkspacesAsAdmin">
      <JsonFileName>/Workflows/GetWorkspacesAsAdmin-49A19C02-FA52-EC11-8C62-00224806E9B3.json</JsonFileName>
      <Type>1</Type>
      <Subprocess>0</Subprocess>
      <Category>5</Category>
      <Mode>0</Mode>
      <Scope>4</Scope>
      <OnDemand>0</OnDemand>
      <TriggerOnCreate>0</TriggerOnCreate>
      <TriggerOnDelete>0</TriggerOnDelete>
      <AsyncAutodelete>0</AsyncAutodelete>
      <SyncWorkflowLogOnFailure>0</SyncWorkflowLogOnFailure>
      <StateCode>1</StateCode>
      <StatusCode>2</StatusCode>
      <RunAs>1</RunAs>
      <IsTransacted>1</IsTransacted>
      <IntroducedVersion>1.0.0.1</IntroducedVersion>
      <IsCustomizable>1</IsCustomizable>
      <BusinessProcessType>0</BusinessProcessType>
      <IsCustomProcessingStepAllowedForOtherPublishers>1</IsCustomProcessingStepAllowedForOtherPublishers>
      <PrimaryEntity>none</PrimaryEntity>
      <LocalizedNames>
        <LocalizedName languagecode="1033" description="GetWorkspacesAsAdmin" />
      </LocalizedNames>
    </Workflow>
    <Workflow WorkflowId="{f8107dae-e453-ec11-8c62-00224806e9b3}" Name="GetCapacitiesAsAdmin">
      <JsonFileName>/Workflows/GetCapacitiesAsAdmin-F8107DAE-E453-EC11-8C62-00224806E9B3.json</JsonFileName>
      <Type>1</Type>
      <Subprocess>0</Subprocess>
      <Category>5</Category>
      <Mode>0</Mode>
      <Scope>4</Scope>
      <OnDemand>0</OnDemand>
      <TriggerOnCreate>0</TriggerOnCreate>
      <TriggerOnDelete>0</TriggerOnDelete>
      <AsyncAutodelete>0</AsyncAutodelete>
      <SyncWorkflowLogOnFailure>0</SyncWorkflowLogOnFailure>
      <StateCode>1</StateCode>
      <StatusCode>2</StatusCode>
      <RunAs>1</RunAs>
      <IsTransacted>1</IsTransacted>
      <IntroducedVersion>1.0.0.1</IntroducedVersion>
      <IsCustomizable>1</IsCustomizable>
      <BusinessProcessType>0</BusinessProcessType>
      <IsCustomProcessingStepAllowedForOtherPublishers>1</IsCustomProcessingStepAllowedForOtherPublishers>
      <PrimaryEntity>none</PrimaryEntity>
      <LocalizedNames>
        <LocalizedName languagecode="1033" description="GetCapacitiesAsAdmin" />
      </LocalizedNames>
    </Workflow>
    <Workflow WorkflowId="{8cc04e5c-8c2f-ec11-b6e5-0022480ab2a6}" Name="Export Power BI Report to PDF">
      <JsonFileName>/Workflows/ExportPowerBIReporttoPDF-8CC04E5C-8C2F-EC11-B6E5-0022480AB2A6.json</JsonFileName>
      <Type>1</Type>
      <Subprocess>0</Subprocess>
      <Category>5</Category>
      <Mode>0</Mode>
      <Scope>4</Scope>
      <OnDemand>0</OnDemand>
      <TriggerOnCreate>0</TriggerOnCreate>
      <TriggerOnDelete>0</TriggerOnDelete>
      <AsyncAutodelete>0</AsyncAutodelete>
      <SyncWorkflowLogOnFailure>0</SyncWorkflowLogOnFailure>
      <StateCode>1</StateCode>
      <StatusCode>2</StatusCode>
      <RunAs>1</RunAs>
      <IsTransacted>1</IsTransacted>
      <IntroducedVersion>1.0.0.0</IntroducedVersion>
      <IsCustomizable>1</IsCustomizable>
      <BusinessProcessType>0</BusinessProcessType>
      <IsCustomProcessingStepAllowedForOtherPublishers>1</IsCustomProcessingStepAllowedForOtherPublishers>
      <PrimaryEntity>none</PrimaryEntity>
      <LocalizedNames>
        <LocalizedName languagecode="1033" description="Export Power BI Report to PDF" />
      </LocalizedNames>
    </Workflow>
  </Workflows>
  <FieldSecurityProfiles></FieldSecurityProfiles>
  <Templates />
  <EntityMaps />
  <EntityRelationships />
  <OrganizationSettings />
  <optionsets />
  <CustomControls />
  <EntityDataProviders />
  <CanvasApps>
    <CanvasApp>
      <Name>devcamp_scanman_e136f</Name>
      <AppVersion>2021-12-02T04:16:20Z</AppVersion>
      <Status>Ready</Status>
      <CreatedByClientVersion>3.21111.36.0</CreatedByClientVersion>
      <MinClientVersion>3.21111.36.0</MinClientVersion>
      <Tags>{"primaryDeviceWidth":"1366","primaryDeviceHeight":"768","sienaVersion":"b4164425-24c8-41cb-8de9-edf5e41df30c","deviceCapabilities":"","supportsPortrait":"true","supportsLandscape":"true","primaryFormFactor":"Tablet","publisherVersion":"3.21111.36","minimumRequiredApiVersion":"2.2.0","hasComponent":"false","hasUnlockedComponent":"false","isUnifiedRootApp":"false"}</Tags>
      <IsCdsUpgraded>0</IsCdsUpgraded>
      <GalleryItemId xsi:nil="true"></GalleryItemId>
      <BackgroundColor>RGBA(0,176,240,1)</BackgroundColor>
      <DisplayName>Scan Man</DisplayName>
      <Description xsi:nil="true"></Description>
      <CommitMessage xsi:nil="true"></CommitMessage>
      <Publisher xsi:nil="true"></Publisher>
      <AuthorizationReferences>[]</AuthorizationReferences>
      <ConnectionReferences>{"52298467-e268-4e19-a8b0-b48ec502a689":{"id":"/providers/microsoft.powerapps/apis/shared_logicflows","displayName":"Logic flows","iconUri":"https://connectoricons-prod.azureedge.net/releases/v1.0.1534/1.0.1534.2605/logicflows/icon.png","dataSources":["GetWorkspacesAsAdmin"],"dependencies":[],"dependents":[],"parameterHints":{"workflowName":{"value":"5bba7908-72ff-4c65-8034-3d7619f054f2"},"workflowEntityId":{"value":"49a19c02-fa52-ec11-8c62-00224806e9b3"}},"parameterHintsV2":{"workflowName":{"value":"5bba7908-72ff-4c65-8034-3d7619f054f2"},"workflowEntityId":{"value":"49a19c02-fa52-ec11-8c62-00224806e9b3"}},"isOnPremiseConnection":false,"bypassConsent":false,"dataSets":{},"apiTier":"Standard","actions":["Run"]},"ac8795ee-3738-42e5-97a2-b9f99547dde9":{"id":"/providers/microsoft.powerapps/apis/shared_logicflows","displayName":"Logic flows","iconUri":"https://connectoricons-prod.azureedge.net/releases/v1.0.1534/1.0.1534.2605/logicflows/icon.png","dataSources":["ScanWorkspace"],"dependencies":[],"dependents":[],"parameterHints":{"workflowName":{"value":"23ae0900-7a50-4438-b6f7-dbf933d6081d"},"workflowEntityId":{"value":"b804cb8b-2152-ec11-8c62-00224806e9b3"}},"parameterHintsV2":{"workflowName":{"value":"23ae0900-7a50-4438-b6f7-dbf933d6081d"},"workflowEntityId":{"value":"b804cb8b-2152-ec11-8c62-00224806e9b3"}},"isOnPremiseConnection":false,"bypassConsent":false,"dataSets":{},"apiTier":"Standard","actions":["Run"]}}</ConnectionReferences>
      <DatabaseReferences>{}</DatabaseReferences>
      <AppComponents>[]</AppComponents>
      <AppComponentDependencies>[]</AppComponentDependencies>
      <CanConsumeAppPass>1</CanConsumeAppPass>
      <CanvasAppType>0</CanvasAppType>
      <BypassConsent>0</BypassConsent>
      <AdminControlBypassConsent>0</AdminControlBypassConsent>
      <EmbeddedApp xsi:nil="true"></EmbeddedApp>
      <IntroducedVersion>1.0</IntroducedVersion>
      <CdsDependencies>{"cdsdependencies":[]}</CdsDependencies>
      <IsCustomizable>1</IsCustomizable>
      <BackgroundImageUri>/CanvasApps/devcamp_scanman_e136f_BackgroundImageUri</BackgroundImageUri>
      <DocumentUri>/CanvasApps/devcamp_scanman_e136f_DocumentUri.msapp</DocumentUri>
    </CanvasApp>
    <CanvasApp>
      <Name>devcamp_datasetmanager_ebe5a</Name>
      <AppVersion>2021-10-17T20:30:03Z</AppVersion>
      <Status>Ready</Status>
      <CreatedByClientVersion>3.21093.48.0</CreatedByClientVersion>
      <MinClientVersion>3.21093.48.0</MinClientVersion>
      <Tags>{"primaryDeviceWidth":"1366","primaryDeviceHeight":"768","sienaVersion":"2fc6aa2c-cb5b-42a6-a6e0-c8627ea8cf89","deviceCapabilities":"","supportsPortrait":"true","supportsLandscape":"true","primaryFormFactor":"Tablet","publisherVersion":"3.21093.48","minimumRequiredApiVersion":"2.2.0","hasComponent":"false","hasUnlockedComponent":"false","isUnifiedRootApp":"false"}</Tags>
      <IsCdsUpgraded>0</IsCdsUpgraded>
      <GalleryItemId xsi:nil="true"></GalleryItemId>
      <BackgroundColor>RGBA(0,176,240,1)</BackgroundColor>
      <DisplayName>Dataset Manager</DisplayName>
      <Description xsi:nil="true"></Description>
      <CommitMessage xsi:nil="true"></CommitMessage>
      <Publisher xsi:nil="true"></Publisher>
      <AuthorizationReferences>[]</AuthorizationReferences>
      <ConnectionReferences>{"103ca5d2-55ce-4dd5-aa8d-c6e62a821eaa":{"id":"/providers/microsoft.powerapps/apis/shared_devcamp-5fpowerbirestapi-5fefba7ccbc5f5860e","displayName":"PowerBiRestApi","iconUri":"https://prodapiicons.cdn.powerappscdn.net/20211017t000000z03fd818e4bfb401c8382c947d6a93bfd/customconnectoricon.png","dataSources":["PowerBiApi"],"dependencies":[],"dependents":[],"parameterHints":{},"parameterHintsV2":{},"isOnPremiseConnection":false,"dataSets":{},"apiTier":"Standard","actions":["GetWorkspaces","GetDatasetsInWorkspace"],"customApiLogicalName":"devcamp_5Fpowerbirestapi","isCustomApiSolutionAware":true}}</ConnectionReferences>
      <DatabaseReferences>{}</DatabaseReferences>
      <AppComponents>[]</AppComponents>
      <AppComponentDependencies>[]</AppComponentDependencies>
      <CanConsumeAppPass>1</CanConsumeAppPass>
      <CanvasAppType>0</CanvasAppType>
      <BypassConsent>0</BypassConsent>
      <AdminControlBypassConsent>0</AdminControlBypassConsent>
      <EmbeddedApp xsi:nil="true"></EmbeddedApp>
      <IntroducedVersion>1.0</IntroducedVersion>
      <CdsDependencies>{"cdsdependencies":[{"logicalname":"devcamp_5Fpowerbirestapi","componenttype":372,"componenttypeplatformname":"connector"}]}</CdsDependencies>
      <IsCustomizable>1</IsCustomizable>
      <BackgroundImageUri>/CanvasApps/devcamp_datasetmanager_ebe5a_BackgroundImageUri</BackgroundImageUri>
      <DocumentUri>/CanvasApps/devcamp_datasetmanager_ebe5a_DocumentUri.msapp</DocumentUri>
    </CanvasApp>
    <CanvasApp>
      <Name>devcamp_powerbiassetauditor_bce19</Name>
      <AppVersion>2021-11-20T19:16:15Z</AppVersion>
      <Status>Ready</Status>
      <CreatedByClientVersion>3.21111.36.0</CreatedByClientVersion>
      <MinClientVersion>3.21111.36.0</MinClientVersion>
      <Tags>{"primaryDeviceWidth":"1366","primaryDeviceHeight":"768","sienaVersion":"8484f3f6-f484-4a2d-9350-0df373e39031","deviceCapabilities":"","supportsPortrait":"true","supportsLandscape":"true","primaryFormFactor":"Tablet","publisherVersion":"3.21111.36","minimumRequiredApiVersion":"2.2.0","hasComponent":"true","hasUnlockedComponent":"true","isUnifiedRootApp":"false"}</Tags>
      <IsCdsUpgraded>0</IsCdsUpgraded>
      <GalleryItemId xsi:nil="true"></GalleryItemId>
      <BackgroundColor>rgba(255, 191, 0, 1)</BackgroundColor>
      <DisplayName>Power BI Asset Auditor</DisplayName>
      <Description xsi:nil="true"></Description>
      <CommitMessage xsi:nil="true"></CommitMessage>
      <Publisher xsi:nil="true"></Publisher>
      <AuthorizationReferences>[]</AuthorizationReferences>
      <ConnectionReferences>{"5d6a6032-f5fb-4220-88c2-2753f92e1edf":{"id":"/providers/microsoft.powerapps/apis/shared_devcamp-5fpowerbiadmin-5fefba7ccbc5f5860e","displayName":"PowerBiAdmin","iconUri":"https://prodapiicons.cdn.powerappscdn.net/20211120t000000z53dcae677fe44b86bf5db39ea9367cb3/customconnectoricon.png","dataSources":["PowerBiAdmin"],"dependencies":[],"dependents":[],"parameterHints":{},"parameterHintsV2":{},"isOnPremiseConnection":false,"bypassConsent":false,"dataSets":{},"apiTier":"Standard","actions":["GetCapacitiesAsAdmin","GetRefreshablesAsAdmin","GetPipelinesAsAdmin","GetAppsAsAdmin","GetGateways","GetWorkspacesAsAdmin","GetImportsInGroup"],"customApiLogicalName":"devcamp_5Fpowerbiadmin","isCustomApiSolutionAware":true}}</ConnectionReferences>
      <DatabaseReferences>{}</DatabaseReferences>
      <AppComponents>[]</AppComponents>
      <AppComponentDependencies>[]</AppComponentDependencies>
      <CanConsumeAppPass>1</CanConsumeAppPass>
      <CanvasAppType>0</CanvasAppType>
      <BypassConsent>0</BypassConsent>
      <AdminControlBypassConsent>0</AdminControlBypassConsent>
      <EmbeddedApp xsi:nil="true"></EmbeddedApp>
      <IntroducedVersion>1.0</IntroducedVersion>
      <CdsDependencies>{"cdsdependencies":[{"logicalname":"devcamp_5Fpowerbiadmin","componenttype":372,"componenttypeplatformname":"connector"}]}</CdsDependencies>
      <IsCustomizable>1</IsCustomizable>
      <BackgroundImageUri>/CanvasApps/devcamp_powerbiassetauditor_bce19_BackgroundImageUri</BackgroundImageUri>
      <DocumentUri>/CanvasApps/devcamp_powerbiassetauditor_bce19_DocumentUri.msapp</DocumentUri>
    </CanvasApp>
  </CanvasApps>
  <Connectors>
    <Connector>
      <connectorid>55f24719-e06c-4715-b57e-72d8a5a67e4b</connectorid>
      <description>A sample custom connector which enables for building Canvas Apps and Flows which call the Power BI Admin APIs.</description>
      <displayname>PowerBiAdmin</displayname>
      <iconbrandcolor>#007ee5</iconbrandcolor>
      <name>devcamp_5Fpowerbiadmin</name>
      <connectortype>1</connectortype>
      <openapidefinition>/Connector/devcamp_5Fpowerbiadmin_openapidefinition.json</openapidefinition>
      <connectionparameters>/Connector/devcamp_5Fpowerbiadmin_connectionparameters.json</connectionparameters>
      <policytemplateinstances>/Connector/devcamp_5Fpowerbiadmin_policytemplateinstances.json</policytemplateinstances>
      <iconblob>/Connector/devcamp_5Fpowerbiadmin_iconblob.Png</iconblob>
    </Connector>
  </Connectors>
  <connectionreferences>
    <connectionreference connectionreferencelogicalname="devcamp_PowerBiAdminApiReference">
      <connectionreferencedisplayname>PowerBiAdminReference</connectionreferencedisplayname>
      <connectorid>/providers/Microsoft.PowerApps/apis/shared_devcamp-5fpowerbiadmin-5fefba7ccbc5f5860e</connectorid>
      <customconnectorid>
        <connectorid>55f24719-e06c-4715-b57e-72d8a5a67e4b</connectorid>
      </customconnectorid>
      <description>Connection reference for PowerBiAdmin Custom Connection</description>
      <iscustomizable>1</iscustomizable>
      <statecode>0</statecode>
      <statuscode>1</statuscode>
    </connectionreference>
    <connectionreference connectionreferencelogicalname="devcamp_shareddevcamp5fpowerbiadmin5fefba7ccbc5f5860e_476cf">
      <connectionreferencedisplayname>PowerBiAdmin PowerAutomatewithPowerBIDemo-476cf</connectionreferencedisplayname>
      <connectorid>/providers/Microsoft.PowerApps/apis/shared_devcamp-5fpowerbiadmin-5fefba7ccbc5f5860e</connectorid>
      <customconnectorid>
        <connectorid>55f24719-e06c-4715-b57e-72d8a5a67e4b</connectorid>
      </customconnectorid>
      <iscustomizable>1</iscustomizable>
      <statecode>0</statecode>
      <statuscode>1</statuscode>
    </connectionreference>
    <connectionreference connectionreferencelogicalname="devcamp_shareddevcamp5fpowerbiadmin5fefba7ccbc5f5860e_92486">
      <connectionreferencedisplayname>PowerBiAdmin PowerAutomatewithPowerBIDemo-92486</connectionreferencedisplayname>
      <connectorid>/providers/Microsoft.PowerApps/apis/shared_devcamp-5fpowerbiadmin-5fefba7ccbc5f5860e</connectorid>
      <customconnectorid>
        <connectorid>55f24719-e06c-4715-b57e-72d8a5a67e4b</connectorid>
      </customconnectorid>
      <iscustomizable>1</iscustomizable>
      <statecode>0</statecode>
      <statuscode>1</statuscode>
    </connectionreference>
    <connectionreference connectionreferencelogicalname="devcamp_shareddevcamp5fpowerbiadmin5fefba7ccbc5f5860e_f2dd8">
      <connectionreferencedisplayname>PowerBiAdmin PowerAutomatewithPowerBIDemo-f2dd8</connectionreferencedisplayname>
      <connectorid>/providers/Microsoft.PowerApps/apis/shared_devcamp-5fpowerbiadmin-5fefba7ccbc5f5860e</connectorid>
      <customconnectorid>
        <connectorid>55f24719-e06c-4715-b57e-72d8a5a67e4b</connectorid>
      </customconnectorid>
      <iscustomizable>1</iscustomizable>
      <statecode>0</statecode>
      <statuscode>1</statuscode>
    </connectionreference>
    <connectionreference connectionreferencelogicalname="devcamp_sharedoffice365_5543a">
      <connectionreferencedisplayname>Office 365 Outlook</connectionreferencedisplayname>
      <connectorid>/providers/Microsoft.PowerApps/apis/shared_office365</connectorid>
      <iscustomizable>1</iscustomizable>
      <statecode>0</statecode>
      <statuscode>1</statuscode>
    </connectionreference>
  </connectionreferences>
  <Languages>
    <Language>1033</Language>
  </Languages>
</ImportExportXml>