{"properties":{"connectionReferences":{"shared_powerbi":{"runtimeSource":"invoker","connection":{"connectionReferenceLogicalName":"devcamp_sharedpowerbi_8101e"},"api":{"name":"shared_powerbi"}},"shared_office365":{"runtimeSource":"invoker","connection":{"connectionReferenceLogicalName":"devcamp_sharedoffice365_5543a"},"api":{"name":"shared_office365"}},"shared_sharepointonline":{"runtimeSource":"invoker","connection":{"connectionReferenceLogicalName":"dcdemo_sharedsharepointonline_3d580"},"api":{"name":"shared_sharepointonline"}}},"definition":{"$schema":"https://schema.management.azure.com/providers/Microsoft.Logic/schemas/2016-06-01/workflowdefinition.json#","contentVersion":"1.0.0.0","parameters":{"$connections":{"defaultValue":{},"type":"Object"},"$authentication":{"defaultValue":{},"type":"SecureObject"}},"triggers":{"manual":{"type":"Request","kind":"PowerAppV2","inputs":{"schema":{"type":"object","properties":{"text":{"title":"WorkspaceId","type":"string","x-ms-dynamically-added":true,"description":"Please enter your input","x-ms-content-hint":"TEXT"},"text_1":{"title":"ReportId","type":"string","x-ms-dynamically-added":true,"description":"Please enter your input","x-ms-content-hint":"TEXT"},"text_2":{"title":"FileName","type":"string","x-ms-dynamically-added":true,"description":"Please enter your input","x-ms-content-hint":"TEXT"}},"required":["text","text_1","text_2"]}}}},"actions":{"Export_To_File_for_Power_BI_Reports":{"runAfter":{},"type":"OpenApiConnection","inputs":{"host":{"connectionName":"shared_powerbi","operationId":"InitiateExportToFileForPbiReports","apiId":"/providers/Microsoft.PowerApps/apis/shared_powerbi"},"parameters":{"groupid":"@triggerBody()['text']","reportid":"@triggerBody()['text_1']","ExportPayloadPowerBIReport/format":"PDF"},"authentication":"@parameters('$authentication')"}},"Create_file":{"runAfter":{"Export_To_File_for_Power_BI_Reports":["Succeeded"]},"type":"OpenApiConnection","inputs":{"host":{"connectionName":"shared_sharepointonline","operationId":"CreateFile","apiId":"/providers/Microsoft.PowerApps/apis/shared_sharepointonline"},"parameters":{"dataset":"https://powerbidevcamp.sharepoint.com/","folderPath":"/ExportedReports","name":"@triggerBody()['text_2']","body":"@outputs('Export_To_File_for_Power_BI_Reports')?['body']"},"authentication":"@parameters('$authentication')"},"runtimeConfiguration":{"contentTransfer":{"transferMode":"Chunked"}}},"Send_an_email_(V2)":{"runAfter":{"Create_file":["Succeeded"]},"type":"OpenApiConnection","inputs":{"host":{"connectionName":"shared_office365","operationId":"SendEmailV2","apiId":"/providers/Microsoft.PowerApps/apis/shared_office365"},"parameters":{"emailMessage/To":"Tedp@powerbidevcamp.net","emailMessage/Subject":"Export complete for @{triggerBody()['text_2']}","emailMessage/Body":"<p>Exported file is now available.<br>\nID: @{outputs('Create_file')?['body/Id']}<br>\nName: @{outputs('Create_file')?['body/Name']}<br>\nDisplay Name: @{outputs('Create_file')?['body/DisplayName']}<br>\nPath: @{outputs('Create_file')?['body/Path']}<br>\nMedia Type: @{outputs('Create_file')?['body/MediaType']}<br>\nFile Locator:@{outputs('Create_file')?['body/FileLocator']}</p>"},"authentication":"@parameters('$authentication')"}}},"outputs":{}}},"schemaVersion":"1.0.0.0"}