{"properties":{"connectionReferences":{},"definition":{"$schema":"https://schema.management.azure.com/providers/Microsoft.Logic/schemas/2016-06-01/workflowdefinition.json#","contentVersion":"1.0.0.0","parameters":{"$authentication":{"defaultValue":{},"type":"SecureObject"}},"triggers":{"manual":{"metadata":{"operationMetadataId":"2cc3fbc3-f55d-4257-8fa1-ac4fc02093e7"},"type":"Request","kind":"PowerAppV2","inputs":{"schema":{"type":"object","properties":{},"required":[]}}}},"actions":{"Compose":{"runAfter":{},"metadata":{"operationMetadataId":"743fe146-bf4d-4267-82ef-db7c30d3d789"},"type":"Compose","inputs":"x"},"ClientCredentialsFlow":{"runAfter":{"Compose":["Succeeded"]},"metadata":{"operationMetadataId":"46daf7ab-089c-4a21-8016-7cbb2d5b2890"},"type":"Http","inputs":{"method":"POST","uri":"https://login.microsoftonline.com/2f23c5ea-5a75-41f6-922e-d3392313e61d/oauth2/v2.0/token","headers":{"Content-Type":"application/x-www-form-urlencoded","Content-Length":"224"},"body":"client_id=cb44fdd0-8330-41ea-bfd4-27525cbdbf67&client_info=1&client_secret=OTA1ODUxNmEtNjJiYS00YjM5LWI3OTYtZDRmNjI5NDgxNTZh%3D&scope=https%3A%2F%2Fanalysis.windows.net%2Fpowerbi%2Fapi%2F.default&grant_type=client_credentials"}},"ClientCredentialsFlowResponse":{"runAfter":{"ClientCredentialsFlow":["Succeeded"]},"metadata":{"operationMetadataId":"e1c45994-634e-4732-ab9d-d143039848b4"},"type":"ParseJson","inputs":{"content":"@body('ClientCredentialsFlow')","schema":{"type":"object","properties":{"token_type":{"type":"string"},"expires_in":{"type":"integer"},"ext_expires_in":{"type":"integer"},"access_token":{"type":"string"}}}}},"Response":{"runAfter":{"Compose_2":["Succeeded"]},"metadata":{"operationMetadataId":"6d37c1c8-6134-42b7-b70c-d86777e7cb3b"},"type":"Response","kind":"Http","inputs":{"statusCode":200,"body":"@body('ClientCredentialsFlowResponse')","schema":{"type":"object","properties":{"token_type":{"type":"string"},"expires_in":{"type":"integer"},"ext_expires_in":{"type":"integer"},"access_token":{"type":"string"}}}}},"Compose_2":{"runAfter":{"ClientCredentialsFlowResponse":["Succeeded"]},"metadata":{"operationMetadataId":"d27835db-9b43-4975-9287-9894a9563c6e"},"type":"Compose","inputs":"@body('ClientCredentialsFlowResponse')?['access_token']"}}}},"schemaVersion":"1.0.0.0"}