<ImportExportXml xmlns:xsi="http://www.w3.org/2001/XMLSchema-instance">
  <Entities></Entities>
  <Roles></Roles>
  <Workflows>
    <Workflow WorkflowId="{29fd0a26-a039-ec11-b6e6-000d3a5ca8da}" Name="GenerateActivityEventsData">
      <JsonFileName>/Workflows/GenerateActivityEventsData-29FD0A26-A039-EC11-B6E6-000D3A5CA8DA.json</JsonFileName>
      <Type>1</Type>
      <Subprocess>0</Subprocess>
      <Category>5</Category>
      <Mode>0</Mode>
      <Scope>4</Scope>
      <OnDemand>0</OnDemand>
      <TriggerOnCreate>0</TriggerOnCreate>
      <TriggerOnDelete>0</TriggerOnDelete>
      <AsyncAutodelete>0</AsyncAutodelete>
      <SyncWorkflowLogOnFailure>0</SyncWorkflowLogOnFailure>
      <StateCode>1</StateCode>
      <StatusCode>2</StatusCode>
      <RunAs>1</RunAs>
      <IsTransacted>1</IsTransacted>
      <IntroducedVersion>1.0.0.0</IntroducedVersion>
      <IsCustomizable>1</IsCustomizable>
      <BusinessProcessType>0</BusinessProcessType>
      <IsCustomProcessingStepAllowedForOtherPublishers>1</IsCustomProcessingStepAllowedForOtherPublishers>
      <PrimaryEntity>none</PrimaryEntity>
      <LocalizedNames>
        <LocalizedName languagecode="1033" description="GenerateActivityEventsData" />
      </LocalizedNames>
    </Workflow>
    <Workflow WorkflowId="{a24f11c2-a039-ec11-b6e6-000d3a37bf4e}" Name="Generate Activity Data">
      <JsonFileName>/Workflows/GenerateActivityData-A24F11C2-A039-EC11-B6E6-000D3A37BF4E.json</JsonFileName>
      <Type>1</Type>
      <Subprocess>0</Subprocess>
      <Category>5</Category>
      <Mode>0</Mode>
      <Scope>4</Scope>
      <OnDemand>0</OnDemand>
      <TriggerOnCreate>0</TriggerOnCreate>
      <TriggerOnDelete>0</TriggerOnDelete>
      <AsyncAutodelete>0</AsyncAutodelete>
      <SyncWorkflowLogOnFailure>0</SyncWorkflowLogOnFailure>
      <StateCode>1</StateCode>
      <StatusCode>2</StatusCode>
      <RunAs>1</RunAs>
      <IsTransacted>1</IsTransacted>
      <IntroducedVersion>1.0.0.0</IntroducedVersion>
      <IsCustomizable>1</IsCustomizable>
      <BusinessProcessType>0</BusinessProcessType>
      <IsCustomProcessingStepAllowedForOtherPublishers>1</IsCustomProcessingStepAllowedForOtherPublishers>
      <PrimaryEntity>none</PrimaryEntity>
      <LocalizedNames>
        <LocalizedName languagecode="1033" description="Generate Activity Data" />
      </LocalizedNames>
    </Workflow>
    <Workflow WorkflowId="{8cc04e5c-8c2f-ec11-b6e5-0022480ab2a6}" Name="Export Power BI Report to PDF">
      <JsonFileName>/Workflows/ExportPowerBIReporttoPDF-8CC04E5C-8C2F-EC11-B6E5-0022480AB2A6.json</JsonFileName>
      <Type>1</Type>
      <Subprocess>0</Subprocess>
      <Category>5</Category>
      <Mode>0</Mode>
      <Scope>4</Scope>
      <OnDemand>0</OnDemand>
      <TriggerOnCreate>0</TriggerOnCreate>
      <TriggerOnDelete>0</TriggerOnDelete>
      <AsyncAutodelete>0</AsyncAutodelete>
      <SyncWorkflowLogOnFailure>0</SyncWorkflowLogOnFailure>
      <StateCode>1</StateCode>
      <StatusCode>2</StatusCode>
      <RunAs>1</RunAs>
      <IsTransacted>1</IsTransacted>
      <IntroducedVersion>1.0.0.0</IntroducedVersion>
      <IsCustomizable>1</IsCustomizable>
      <BusinessProcessType>0</BusinessProcessType>
      <IsCustomProcessingStepAllowedForOtherPublishers>1</IsCustomProcessingStepAllowedForOtherPublishers>
      <PrimaryEntity>none</PrimaryEntity>
      <LocalizedNames>
        <LocalizedName languagecode="1033" description="Export Power BI Report to PDF" />
      </LocalizedNames>
    </Workflow>
  </Workflows>
  <FieldSecurityProfiles></FieldSecurityProfiles>
  <Templates />
  <EntityMaps />
  <EntityRelationships />
  <OrganizationSettings />
  <optionsets />
  <CustomControls />
  <EntityDataProviders />
  <CanvasApps>
    <CanvasApp>
      <Name>devcamp_datasetmanager_ebe5a</Name>
      <AppVersion>2021-10-17T20:30:03Z</AppVersion>
      <Status>Ready</Status>
      <CreatedByClientVersion>3.21093.48.0</CreatedByClientVersion>
      <MinClientVersion>3.21093.48.0</MinClientVersion>
      <Tags>{"primaryDeviceWidth":"1366","primaryDeviceHeight":"768","sienaVersion":"2fc6aa2c-cb5b-42a6-a6e0-c8627ea8cf89","deviceCapabilities":"","supportsPortrait":"true","supportsLandscape":"true","primaryFormFactor":"Tablet","publisherVersion":"3.21093.48","minimumRequiredApiVersion":"2.2.0","hasComponent":"false","hasUnlockedComponent":"false","isUnifiedRootApp":"false"}</Tags>
      <IsCdsUpgraded>0</IsCdsUpgraded>
      <GalleryItemId xsi:nil="true"></GalleryItemId>
      <BackgroundColor>RGBA(0,176,240,1)</BackgroundColor>
      <DisplayName>Dataset Manager</DisplayName>
      <Description xsi:nil="true"></Description>
      <CommitMessage xsi:nil="true"></CommitMessage>
      <Publisher xsi:nil="true"></Publisher>
      <AuthorizationReferences>[]</AuthorizationReferences>
      <ConnectionReferences>{"103ca5d2-55ce-4dd5-aa8d-c6e62a821eaa":{"id":"/providers/microsoft.powerapps/apis/shared_devcamp-5fpowerbirestapi-5fefba7ccbc5f5860e","displayName":"PowerBiRestApi","iconUri":"https://prodapiicons.cdn.powerappscdn.net/20211017t000000z03fd818e4bfb401c8382c947d6a93bfd/customconnectoricon.png","dataSources":["PowerBiApi"],"dependencies":[],"dependents":[],"parameterHints":{},"parameterHintsV2":{},"isOnPremiseConnection":false,"dataSets":{},"apiTier":"Standard","actions":["GetWorkspaces","GetDatasetsInWorkspace"],"customApiLogicalName":"devcamp_5Fpowerbirestapi","isCustomApiSolutionAware":true}}</ConnectionReferences>
      <DatabaseReferences>{}</DatabaseReferences>
      <AppComponents>[]</AppComponents>
      <AppComponentDependencies>[]</AppComponentDependencies>
      <CanConsumeAppPass>1</CanConsumeAppPass>
      <CanvasAppType>0</CanvasAppType>
      <BypassConsent>0</BypassConsent>
      <AdminControlBypassConsent>0</AdminControlBypassConsent>
      <EmbeddedApp xsi:nil="true"></EmbeddedApp>
      <IntroducedVersion>1.0</IntroducedVersion>
      <CdsDependencies>{"cdsdependencies":[{"logicalname":"devcamp_5Fpowerbirestapi","componenttype":372,"componenttypeplatformname":"connector"}]}</CdsDependencies>
      <IsCustomizable>1</IsCustomizable>
      <BackgroundImageUri>/CanvasApps/devcamp_datasetmanager_ebe5a_BackgroundImageUri</BackgroundImageUri>
      <DocumentUri>/CanvasApps/devcamp_datasetmanager_ebe5a_DocumentUri.msapp</DocumentUri>
    </CanvasApp>
  </CanvasApps>
  <Connectors>
    <Connector>
      <connectorid>88dd7bce-a79f-4c07-aa68-5e726ef71f95</connectorid>
      <description>A sample custom connector demonstrating how to call Power BI REST API.</description>
      <displayname>PowerBiRestApi</displayname>
      <iconbrandcolor>#007ee5</iconbrandcolor>
      <name>devcamp_5Fpowerbirestapi</name>
      <connectortype>1</connectortype>
      <openapidefinition>/Connector/devcamp_5Fpowerbirestapi_openapidefinition.json</openapidefinition>
      <connectionparameters>/Connector/devcamp_5Fpowerbirestapi_connectionparameters.json</connectionparameters>
      <policytemplateinstances>/Connector/devcamp_5Fpowerbirestapi_policytemplateinstances.json</policytemplateinstances>
      <iconblob>/Connector/devcamp_5Fpowerbirestapi_iconblob.Png</iconblob>
    </Connector>
  </Connectors>
  <connectionreferences>
    <connectionreference connectionreferencelogicalname="devcamp_sharedoffice365_5543a">
      <connectionreferencedisplayname>Office 365 Outlook</connectionreferencedisplayname>
      <connectorid>/providers/Microsoft.PowerApps/apis/shared_office365</connectorid>
      <iscustomizable>1</iscustomizable>
      <statecode>0</statecode>
      <statuscode>1</statuscode>
    </connectionreference>
    <connectionreference connectionreferencelogicalname="devcamp_sharedpowerbi_8101e">
      <connectionreferencedisplayname>Power BI</connectionreferencedisplayname>
      <connectorid>/providers/Microsoft.PowerApps/apis/shared_powerbi</connectorid>
      <iscustomizable>1</iscustomizable>
      <statecode>0</statecode>
      <statuscode>1</statuscode>
    </connectionreference>
  </connectionreferences>
  <Languages>
    <Language>1033</Language>
  </Languages>
</ImportExportXml>