{"properties":{"connectionReferences":{"shared_powerbi":{"runtimeSource":"invoker","connection":{"connectionReferenceLogicalName":"devcamp_sharedpowerbi_8101e"},"api":{"name":"shared_powerbi"}},"shared_office365":{"runtimeSource":"invoker","connection":{"connectionReferenceLogicalName":"devcamp_sharedoffice365_5543a"},"api":{"name":"shared_office365"}}},"definition":{"$schema":"https://schema.management.azure.com/providers/Microsoft.Logic/schemas/2016-06-01/workflowdefinition.json#","contentVersion":"1.0.0.0","parameters":{"$connections":{"defaultValue":{},"type":"Object"},"$authentication":{"defaultValue":{},"type":"SecureObject"}},"triggers":{"manual":{"type":"Request","kind":"PowerAppV2","inputs":{"schema":{"type":"object","properties":{"text":{"title":"WorkspaceId","type":"string","x-ms-dynamically-added":true,"description":"Please enter your input","x-ms-content-hint":"TEXT"},"text_1":{"title":"ReportId","type":"string","x-ms-dynamically-added":true,"description":"Please enter your input","x-ms-content-hint":"TEXT"},"text_2":{"title":"FileName","type":"string","x-ms-dynamically-added":true,"description":"Please enter your input","x-ms-content-hint":"TEXT"}},"required":["text","text_1","text_2"]}}}},"actions":{"Export_To_File_for_Power_BI_Reports":{"runAfter":{},"type":"OpenApiConnection","inputs":{"host":{"connectionName":"shared_powerbi","operationId":"InitiateExportToFileForPbiReports","apiId":"/providers/Microsoft.PowerApps/apis/shared_powerbi"},"parameters":{"groupid":"@triggerBody()['text']","reportid":"@triggerBody()['text_1']","ExportPayloadPowerBIReport/format":"PDF"},"authentication":"@parameters('$authentication')"}},"Send_an_email_(V2)":{"runAfter":{"Export_To_File_for_Power_BI_Reports":["Succeeded"]},"type":"OpenApiConnection","inputs":{"host":{"connectionName":"shared_office365","operationId":"SendEmailV2","apiId":"/providers/Microsoft.PowerApps/apis/shared_office365"},"parameters":{"emailMessage/To":"Tedp@powerbidevcamp.net","emailMessage/Subject":"Export complete for @{triggerBody()['text_2']}","emailMessage/Body":"<p>Export file is attached.</p>","emailMessage/Attachments":[{"Name":"@triggerBody()['text_2']","ContentBytes":"@outputs('Export_To_File_for_Power_BI_Reports')?['body']"}]},"authentication":"@parameters('$authentication')"}}},"outputs":{}}},"schemaVersion":"1.0.0.0"}